Simulation Time (s),X_eci,Y_eci,Z_eci,Vx ECI Velocity (m/s),Vy ECI Velocity (m/s),Vz ECI Velocity (m/s)
0,1431292.561,6143537.339,939697.2814,649.3009473,144.0192702,-26.24643614
0,1431292.561,6143537.339,939697.2814,649.3009473,144.0192702,-26.24643614
0.1,1431357.058,6143551.488,939694.6473,645.6037272,142.3077274,-26.25059448
0.2,1431421.189,6143565.468,939692.0127,641.9497463,140.6104814,-26.25568975
0.3,1431484.961,6143579.279,939689.3775,638.3382416,138.9272748,-26.26170633
0.4,1431548.375,6143592.925,939686.7417,634.7684784,137.2578583,-26.26862937
0.5,1431611.437,6143606.405,939684.1051,631.239729,135.6019862,-26.27644398
0.6,1431674.151,6143619.721,939681.4677,627.7512821,133.9594186,-26.2851356
0.7,1431736.52,6143632.875,939678.8294,624.3024432,132.3299207,-26.29469001
0.8,1431798.549,6143645.867,939676.19,620.8925335,130.7132634,-26.30509334
0.9,1431860.241,6143658.7,939673.5495,617.5208898,129.1092227,-26.31633202
1,1431921.601,6143671.373,939670.9079,614.1868635,127.5175796,-26.32839279
1.1,1431982.63,6143683.889,939668.265,610.889812,125.9381181,-26.34126232
1.2,1432043.335,6143696.249,939665.6208,607.6291158,124.3706289,-26.35492796
1.3,1432103.717,6143708.453,939662.9751,604.4041606,122.8149057,-26.36937696
1.4,1432163.781,6143720.504,939660.328,601.2143458,121.2707466,-26.38459685
1.5,1432223.529,6143732.401,939657.6793,598.0590929,119.7379561,-26.40057586
1.6,1432282.966,6143744.146,939655.0289,594.9378275,118.2163412,-26.41730205
1.7,1432342.095,6143755.741,939652.3768,591.8499879,116.705713,-26.43476379
1.8,1432400.918,6143767.186,939649.7229,588.7950246,115.2058869,-26.45294968
1.9,1432459.44,6143778.483,939647.0672,585.7724003,113.7166823,-26.4718486
2,1432517.663,6143789.632,939644.4095,582.7815811,112.2379209,-26.49144927
2.1,1432575.59,6143800.635,939641.7498,579.822061,110.7694314,-26.51174141
2.2,1432633.225,6143811.492,939639.088,576.8933207,109.3110415,-26.53271388
2.3,1432690.571,6143822.204,939636.4241,573.9948762,107.8625874,-26.55435685
2.4,1432747.63,6143832.773,939633.758,571.1262299,106.4239039,-26.57665964
2.5,1432804.405,6143843.199,939631.0896,568.2869109,104.9948327,-26.59961249
2.6,1432860.9,6143853.484,939628.4189,565.4764578,103.5752186,-26.62320587
2.7,1432917.117,6143863.628,939625.7458,562.6944041,102.1649069,-26.64742974
2.8,1432973.059,6143873.632,939623.0702,559.940308,100.763749,-26.67227497
2.9,1433028.729,6143883.497,939620.392,557.2137223,99.37159656,-26.69773194
3,1433084.129,6143893.224,939617.7113,554.5142237,97.98830719,-26.7237919
3.1,1433139.262,6143902.814,939615.028,551.8413904,96.61374001,-26.75044596
3.2,1433194.131,6143912.267,939612.3419,549.1948024,95.24775585,-26.77768506
3.3,1433248.738,6143921.586,939609.6531,546.5740553,93.89021968,-26.80550068
3.4,1433303.086,6143930.769,939606.9615,543.9787531,92.54099922,-26.83388446
3.5,1433357.178,6143939.819,939604.2669,541.408501,91.19996374,-26.86282788
3.6,1433411.015,6143948.735,939601.5695,538.8629191,89.86698633,-26.89232293
3.7,1433464.6,6143957.52,939598.8691,536.3416284,88.54194153,-26.92236143
3.8,1433517.936,6143966.173,939596.1656,533.8442645,87.22470756,-26.9529357
3.9,1433571.026,6143974.695,939593.459,531.3704634,85.91516397,-26.98403787
4,1433623.87,6143983.087,939590.7493,528.9198687,84.61319278,-27.01566023
4.1,1433676.472,6143991.35,939588.0364,526.4913172,83.31854913,-27.04775352
4.2,1433728.833,6143999.485,939585.3203,524.0841837,82.0310781,-27.08029524
4.3,1433780.956,6144007.492,939582.6008,521.6981726,80.7506787,-27.11327957
4.4,1433832.843,6144015.371,939579.8781,519.3330061,79.47725367,-27.14670141
4.5,1433884.496,6144023.125,939577.152,516.9883989,78.21070554,-27.18055511
4.6,1433935.917,6144030.752,939574.4224,514.6640768,76.95093952,-27.21483546
4.7,1433987.108,6144038.255,939571.6894,512.3597704,75.69786244,-27.24953731
4.8,1434038.07,6144045.633,939568.953,510.0752032,74.45138105,-27.28465499
4.9,1434088.807,6144052.887,939566.2129,507.8101151,73.21140548,-27.32018354
5,1434139.319,6144060.018,939563.4693,505.5642452,71.97784657,-27.35611779
5.1,1434189.609,6144067.027,939560.7221,503.3373366,70.75061675,-27.39245263
5.2,1434239.678,6144073.914,939557.9712,501.1291429,69.52963077,-27.42918338
5.3,1434289.529,6144080.68,939555.2167,498.9394107,68.31480329,-27.4663048
5.4,1434339.163,6144087.325,939552.4583,496.7678963,67.10605124,-27.50381205
5.5,1434388.581,6144093.849,939549.6963,494.6143604,65.90329303,-27.54170039
5.6,1434437.787,6144100.255,939546.9304,492.478568,64.70644843,-27.57996512
5.7,1434486.781,6144106.541,939544.1606,490.3602825,63.51543794,-27.61860136
5.8,1434535.565,6144112.71,939541.387,488.259282,62.3301848,-27.65760488
5.9,1434584.141,6144118.76,939538.6094,486.1753326,61.15061155,-27.69697065
6,1434632.511,6144124.693,939535.8279,484.1082202,59.97664404,-27.73669458
6.1,1434680.676,6144130.51,939533.0424,482.0577237,58.80820811,-27.77677208
6.2,1434728.638,6144136.211,939530.2528,480.0236261,57.64523087,-27.81719863
6.3,1434776.398,6144141.796,939527.4592,478.0057189,56.48764131,-27.85797007
6.4,1434823.958,6144147.266,939524.6615,476.0037921,55.33536902,-27.89908204
6.5,1434871.321,6144152.621,939521.8596,474.0176442,54.18834536,-27.9405305
6.6,1434918.486,6144157.863,939519.0536,472.0470721,53.0465023,-27.98231121
6.7,1434965.456,6144162.991,939516.2434,470.0918763,51.90977296,-28.02441999
6.8,1435012.233,6144168.006,939513.429,468.1518604,50.7780916,-28.06685274
6.9,1435058.817,6144172.909,939510.6102,466.2268314,49.65139361,-28.1096054
7,1435105.21,6144177.699,939507.7872,464.3165994,48.52961546,-28.152674
7.1,1435151.415,6144182.378,939504.9599,462.4209778,47.41269469,-28.19605461
7.2,1435197.431,6144186.947,939502.1282,460.5397874,46.30057038,-28.23974365
7.3,1435243.261,6144191.404,939499.2921,458.672843,45.19318166,-28.28373703
7.4,1435288.906,6144195.752,939496.4516,456.8199669,44.09046916,-28.32803102
7.5,1435334.367,6144199.989,939493.6067,454.9809842,42.99237451,-28.37262191
7.6,1435379.646,6144204.118,939490.7573,453.1557187,41.89883987,-28.41750581
7.7,1435424.745,6144208.138,939487.9033,451.3440054,40.80980922,-28.46267942
7.8,1435469.663,6144212.05,939485.0449,449.5456737,39.72522663,-28.50813893
7.9,1435514.404,6144215.854,939482.1818,447.7605555,38.64503712,-28.5538806
8,1435558.967,6144219.55,939479.3142,445.9884939,37.56918738,-28.5999013
8.1,1435603.355,6144223.14,939476.4419,444.229322,36.49762387,-28.6461971
8.2,1435647.569,6144226.622,939473.565,442.482888,35.43029502,-28.69276496
8.3,1435691.609,6144229.999,939470.6835,440.7490342,34.36714938,-28.73960136
8.4,1435735.477,6144233.27,939467.7972,439.0276055,33.30813639,-28.78670279
8.5,1435779.175,6144236.436,939464.9062,437.3184493,32.25320631,-28.83406582
8.6,1435822.704,6144239.497,939462.0104,435.6214192,31.20231052,-28.88168734
8.7,1435866.064,6144242.453,939459.1099,433.9363713,30.1554012,-28.92956425
8.8,1435909.257,6144245.305,939456.2046,432.263156,29.11243073,-28.977693
8.9,1435952.284,6144248.054,939453.2944,430.6016338,28.07335283,-29.0260706
9,1435995.146,6144250.699,939450.3794,428.9516636,27.03812169,-29.07469383
9.1,1436037.845,6144253.241,939447.4595,427.3131102,26.0066925,-29.12355979
9.2,1436080.382,6144255.68,939444.5347,425.6858331,24.97902071,-29.1726651
9.3,1436122.757,6144258.017,939441.6049,424.0697011,23.95506294,-29.22200693
9.4,1436164.972,6144260.253,939438.6702,422.464578,22.93477608,-29.27158198
9.5,1436207.027,6144262.387,939435.7306,420.8703368,21.91811813,-29.32138752
9.6,1436248.925,6144264.419,939432.7859,419.2868453,20.9050474,-29.37142031
9.7,1436290.665,6144266.351,939429.8363,417.7139803,19.89552321,-29.4216777
9.8,1436332.25,6144268.183,939426.8815,416.1516173,18.88950538,-29.47215681
9.9,1436373.679,6144269.914,939423.9218,414.5996296,17.88695418,-29.52285451
10,1436414.955,6144271.545,939420.9569,413.0578963,16.88783072,-29.57376801
10.1,1436456.077,6144273.078,939417.9869,411.5262983,15.89209672,-29.62489454
10.2,1436497.048,6144274.511,939415.0119,410.0047181,14.8997145,-29.67623134
10.3,1436537.868,6144275.845,939412.0316,408.4930402,13.910647,-29.72777572
10.4,1436578.538,6144277.081,939409.0462,406.9911472,12.92485761,-29.77952476
10.5,1436619.059,6144278.219,939406.0556,405.4989304,11.94231055,-29.83147606
10.6,1436659.432,6144279.259,939403.0598,404.0162757,10.96297038,-29.88362677
10.7,1436699.658,6144280.201,939400.0587,402.5430709,9.986802252,-29.93597407
10.8,1436739.737,6144281.046,939397.0525,401.0792087,9.013771958,-29.98851541
10.9,1436779.672,6144281.795,939394.0409,399.6245836,8.043845829,-30.04124829
11,1436819.462,6144282.447,939391.0241,398.179088,7.076990663,-30.09416998
11.1,1436859.108,6144283.002,939388.0019,396.7426193,6.113173853,-30.14727803
11.2,1436898.613,6144283.462,939384.9745,395.3150764,5.152363299,-30.20057001
11.3,1436937.975,6144283.826,939381.9416,393.8963532,4.194527326,-30.25404305
11.4,1436977.197,6144284.095,939378.9035,392.4863549,3.239634886,-30.30769503
11.5,1437016.279,6144284.269,939375.8599,391.0849814,2.287655345,-30.36152336
11.6,1437055.222,6144284.348,939372.811,389.6921342,1.338558565,-30.41552548
11.7,1437094.026,6144284.332,939369.7566,388.3077101,0.392314885,-30.46969841
11.8,1437132.693,6144284.222,939366.6968,386.9316074,-0.551104833,-30.52403915
11.9,1437171.224,6144284.019,939363.6316,385.5637352,-1.491729239,-30.57854549
12,1437209.619,6144283.721,939360.5609,384.2040038,-2.42958654,-30.63321524
12.1,1437247.879,6144283.33,939357.4847,382.8522709,-3.364704098,-30.68804192
12.2,1437286.005,6144282.846,939354.4031,381.5084295,-4.297108799,-30.74302177
12.3,1437323.997,6144282.27,939351.3159,380.1723923,-5.226827194,-30.79815247
12.4,1437361.857,6144281.6,939348.2232,378.8440759,-6.153885456,-30.85343198
12.5,1437399.585,6144280.839,939345.1249,377.5233982,-7.078309359,-30.90885829
12.6,1437437.182,6144279.985,939342.0211,376.210275,-8.000124233,-30.96442914
12.7,1437474.648,6144279.04,939338.9118,374.9046236,-8.919355,-31.02014232
12.8,1437511.985,6144278.003,939335.7968,373.6063624,-9.836026188,-31.07599564
12.9,1437549.193,6144276.874,939332.6763,372.3154135,-10.75016201,-31.13198715
13,1437586.273,6144275.655,939329.5502,371.0317002,-11.66178632,-31.18811493
13.1,1437623.226,6144274.345,939326.4184,369.7551413,-12.57092242,-31.2443766
13.2,1437660.051,6144272.944,939323.281,368.4856622,-13.47759343,-31.30077027
13.3,1437696.751,6144271.453,939320.1379,367.2231864,-14.38182201,-31.35729385
13.4,1437733.325,6144269.872,939316.9892,365.9676386,-15.28363045,-31.41394525
13.5,1437769.775,6144268.201,939313.8348,364.7189472,-16.18304082,-31.47072264
13.6,1437806.101,6144266.44,939310.6747,363.4770361,-17.08007459,-31.52762373
13.7,1437842.303,6144264.591,939307.509,362.2418355,-17.97475316,-31.58464673
13.8,1437878.383,6144262.652,939304.3375,361.013274,-18.86709744,-31.64178962
13.9,1437914.341,6144260.624,939301.1603,359.7912811,-19.75712803,-31.6990504
14,1437950.177,6144258.507,939297.9773,358.5757898,-20.64486533,-31.75642733
14.1,1437985.893,6144256.302,939294.7886,357.3667288,-21.53032914,-31.8139182
14.2,1438021.488,6144254.009,939291.5942,356.1640303,-22.41353907,-31.87152107
14.3,1438056.965,6144251.628,939288.394,354.9676299,-23.29451461,-31.92923424
14.4,1438092.322,6144249.159,939285.188,353.7774591,-24.17327458,-31.98705554
14.5,1438127.561,6144246.603,939281.9762,352.5934527,-25.04983768,-32.04498308
14.6,1438162.683,6144243.959,939278.7586,351.4155489,-25.92422248,-32.1030152
14.7,1438197.688,6144241.228,939275.5352,350.2436816,-26.7964469,-32.16114979
14.8,1438232.576,6144238.41,939272.306,349.0777906,-27.66652894,-32.21938522
14.9,1438267.348,6144235.505,939269.0709,347.9178115,-28.53448594,-32.27771941
15,1438302.005,6144232.515,939265.83,346.7636833,-29.40033513,-32.33615052
15.1,1438336.548,6144229.437,939262.5833,345.6153457,-30.26409346,-32.39467674
15.2,1438370.942,6144226.277,939259.3339,344.12765,-31.09503503,-32.42086053
15.3,1438405.189,6144223.034,939256.0819,342.6510109,-31.92344745,-32.44747803
15.4,1438439.289,6144219.709,939252.8272,341.1852722,-32.74936052,-32.4745221
15.5,1438473.244,6144216.301,939249.5698,339.7302809,-33.5728034,-32.50198572
15.6,1438507.055,6144212.812,939246.3096,338.2858864,-34.39380462,-32.52986198
15.7,1438540.722,6144209.241,939243.0466,336.851941,-35.21239213,-32.55814407
15.8,1438574.248,6144205.588,939239.7807,335.4282996,-36.02859324,-32.58682529
15.9,1438607.632,6144201.854,939236.5119,334.0148196,-36.84243473,-32.61589904
16,1438640.876,6144198.039,939233.2401,332.611361,-37.65394277,-32.64535881
16.1,1438673.981,6144194.143,939229.9654,331.2177861,-38.46314299,-32.6751982
16.2,1438706.948,6144190.167,939226.6877,329.8339597,-39.27006047,-32.70541089
16.3,1438739.778,6144186.111,939223.4069,328.459749,-40.07471974,-32.73599067
16.4,1438772.471,6144181.974,939220.1231,327.0950235,-40.87714482,-32.76693141
16.5,1438805.029,6144177.757,939216.8361,325.7396548,-41.67735921,-32.79822707
16.6,1438837.453,6144173.461,939213.546,324.3935167,-42.47538592,-32.82987168
16.7,1438869.743,6144169.086,939210.2526,323.0564855,-43.27124745,-32.86185939
16.8,1438901.9,6144164.631,939206.9561,321.728439,-44.06496581,-32.8941844
16.9,1438933.926,6144160.097,939203.6563,320.4092577,-44.85656255,-32.926841
17,1438965.821,6144155.484,939200.3532,319.0988237,-45.64605874,-32.95982356
17.1,1438997.586,6144150.793,939197.0467,317.7970211,-46.43347502,-32.99312653
17.2,1439029.222,6144146.023,939193.737,316.5037361,-47.21883155,-33.02674442
17.3,1439060.729,6144141.175,939190.4238,315.2188566,-48.00214808,-33.06067183
17.4,1439092.109,6144136.249,939187.1072,313.9422726,-48.78344389,-33.09490342
17.5,1439123.363,6144131.245,939183.7872,312.6738757,-49.56273789,-33.12943394
17.6,1439154.49,6144126.164,939180.4637,311.4135594,-50.34004853,-33.16425817
17.7,1439185.493,6144121.005,939177.1367,310.1612188,-51.11539387,-33.19937098
17.8,1439216.371,6144115.769,939173.8061,308.9167508,-51.88879157,-33.23476732
17.9,1439247.126,6144110.456,939170.472,307.6800539,-52.6602589,-33.27044218
18,1439277.758,6144105.066,939167.1343,306.4510284,-53.42981275,-33.30639061
18.1,1439308.268,6144099.6,939163.793,305.229576,-54.19746962,-33.34260775
18.2,1439338.657,6144094.057,939160.4481,304.0156001,-54.96324564,-33.37908876
18.3,1439368.926,6144088.437,939157.0994,302.8090056,-55.72715659,-33.41582888
18.4,1439399.074,6144082.742,939153.7471,301.6096988,-56.48921787,-33.45282342
18.5,1439429.104,6144076.971,939150.3911,300.4175877,-57.24944455,-33.49006772
18.6,1439459.016,6144071.124,939147.0313,299.2325816,-58.00785133,-33.52755718
18.7,1439488.809,6144065.201,939143.6677,298.0545912,-58.76445259,-33.56528727
18.8,1439518.486,6144059.203,939140.3004,296.8835287,-59.51926238,-33.60325349
18.9,1439548.047,6144053.13,939136.9293,295.7193075,-60.27229441,-33.6414514
19,1439577.492,6144046.982,939133.5543,294.5618425,-61.02356206,-33.67987661
19.1,1439606.822,6144040.759,939130.1754,293.4110499,-61.77307841,-33.71852478
19.2,1439636.038,6144034.462,939126.7927,292.2668471,-62.52085623,-33.75739163
19.2,1439665.141,6144028.09,939123.406,291.0236749,-63.72068518,-33.86636804
19.3,1439694.134,6144021.653,939120.0167,289.938874,-64.3724124,-33.89335594
19.4,1439723.026,6144015.159,939116.6258,288.9136727,-64.93294468,-33.90931711
19.5,1439751.82,6144008.619,939113.2344,287.9436373,-65.40152065,-33.91377169
19.6,1439780.523,6144002.041,939109.8438,287.0244172,-65.77745316,-33.90625913
19.7,1439809.138,6143995.435,939106.4551,286.1517533,-66.06012329,-33.88633785
19.8,1439837.67,6143988.81,939103.0698,285.3214864,-66.2489742,-33.8535848
19.9,1439866.123,6143982.176,939099.689,284.5295652,-66.3435048,-33.80759506
20,1439894.498,6143975.533,939096.3128,283.7528818,-66.43252903,-33.76185484
20.1,1439922.797,6143968.88,939092.9409,282.9872896,-66.53343677,-33.7190345
20.2,1439951.02,6143962.215,939089.573,282.2330968,-66.64604099,-33.67912604
20.3,1439979.169,6143955.538,939086.2088,281.4906059,-66.77014845,-33.64211997
20.4,1440007.245,6143948.847,939082.848,280.760114,-66.90555979,-33.60800528
20.5,1440035.249,6143942.142,939079.4903,280.0419119,-67.05206961,-33.57676947
20.6,1440063.183,6143935.421,939076.1355,279.3362852,-67.20946652,-33.54839856
20.7,1440091.047,6143928.683,939072.7832,278.6435132,-67.37753329,-33.52287708
20.8,1440118.844,6143921.928,939069.4332,277.9638693,-67.55604693,-33.50018812
20.9,1440146.574,6143915.153,939066.0852,277.2976209,-67.74477879,-33.48031332
21,1440174.238,6143908.359,939062.7388,276.6450294,-67.94349468,-33.46323285
21.1,1440201.839,6143901.544,939059.3939,276.0063498,-68.15195502,-33.44892551
21.2,1440229.377,6143894.707,939056.0502,275.3818308,-68.36991498,-33.43736866
21.3,1440256.854,6143887.847,939052.7073,274.7717145,-68.59712458,-33.42853827
21.4,1440284.272,6143880.964,939049.3651,274.1762367,-68.83332889,-33.42240895
21.5,1440311.631,6143874.056,939046.0232,273.595626,-69.07826816,-33.41895394
21.6,1440338.934,6143867.123,939042.6814,273.0301046,-69.33167804,-33.41814514
21.7,1440366.182,6143860.163,939039.3394,272.4798874,-69.59328969,-33.41995313
21.8,1440393.377,6143853.177,939035.997,271.945182,-69.86283003,-33.42434721
21.9,1440420.519,6143846.163,939032.6538,271.426189,-70.14002191,-33.43129536
22,1440447.612,6143839.121,939029.3098,270.9231011,-70.42458434,-33.44076434
22.1,1440474.655,6143832.049,939025.9645,270.4361035,-70.71623266,-33.45271966
22.2,1440501.652,6143824.948,939022.6178,269.9653736,-71.01467883,-33.46712563
22.3,1440528.603,6143817.816,939019.2694,269.5110804,-71.3196316,-33.48394538
22.4,1440555.51,6143810.653,939015.9191,269.0733852,-71.63079681,-33.50314088
22.5,1440582.376,6143803.458,939012.5666,268.6524403,-71.94787757,-33.52467297
22.6,1440609.2,6143796.231,939009.2117,268.24839,-72.27057461,-33.54850141
22.7,1440635.987,6143788.971,939005.8543,267.8613692,-72.59858644,-33.5745849
22.8,1440662.736,6143781.678,939002.494,267.4915045,-72.9316097,-33.60288107
22.9,1440689.45,6143774.351,938999.1307,267.1389127,-73.26933939,-33.6333466
23,1440716.13,6143766.99,938995.7641,266.8037019,-73.61146917,-33.66593717
23.1,1440742.779,6143759.594,938992.394,266.4859703,-73.95769166,-33.70060756
23.2,1440769.397,6143752.163,938989.0203,266.1858067,-74.30769869,-33.73731164
23.3,1440795.987,6143744.697,938985.6427,265.9032899,-74.66118164,-33.77600244
23.4,1440822.551,6143737.195,938982.261,265.638489,-75.0178317,-33.81663216
23.5,1440849.09,6143729.657,938978.8751,265.3914626,-75.37734019,-33.85915225
23.6,1440875.607,6143722.084,938975.4848,265.1622594,-75.73939887,-33.90351342
23.7,1440902.102,6143714.473,938972.0898,264.9509176,-76.10370021,-33.94966567
23.8,1440928.577,6143706.826,938968.69,264.7574649,-76.46993772,-33.99755838
23.9,1440955.036,6143699.142,938965.2853,264.5819183,-76.83780624,-34.0471403
24,1440981.478,6143691.422,938961.8755,264.4242843,-77.20700222,-34.09835963
24.1,1441007.907,6143683.664,938958.4604,264.2845583,-77.57722408,-34.15116406
24.2,1441034.323,6143675.869,938955.0398,264.162725,-77.94817241,-34.20550078
24.3,1441060.729,6143668.037,938951.6137,264.058758,-78.31955036,-34.26131657
24.4,1441087.126,6143660.168,938948.1818,263.97262,-78.69106382,-34.31855782
24.5,1441113.516,6143652.262,938944.7441,263.9042626,-79.0624218,-34.37717058
24.6,1441139.902,6143644.319,938941.3004,263.8536262,-79.43333664,-34.4371006
24.7,1441166.284,6143636.338,938937.8506,263.8206402,-79.80352428,-34.49829337
24.8,1441192.664,6143628.321,938934.3945,263.8052227,-80.17270456,-34.56069419
24.9,1441219.045,6143620.267,938930.9321,263.8072808,-80.54060142,-34.62424818
25,1441245.428,6143612.176,938927.4632,263.8267105,-80.90694318,-34.68890035
25.1,1441271.814,6143604.049,938923.9877,263.8633965,-81.27146274,-34.75459561
25.2,1441298.206,6143595.886,938920.5056,263.9172129,-81.63389783,-34.82127886
25.3,1441324.605,6143587.686,938917.0167,263.9880223,-81.99399122,-34.88889498
25.4,1441351.012,6143579.451,938913.521,264.0756767,-82.35149089,-34.95738891
25.5,1441377.43,6143571.18,938910.0183,264.1800173,-82.70615027,-35.02670565
25.6,1441403.86,6143562.875,938906.5086,264.3008744,-83.05772837,-35.09679036
25.7,1441430.304,6143554.534,938902.9919,264.4380677,-83.40598999,-35.16758831
25.8,1441456.763,6143546.159,938899.468,264.5914065,-83.75070584,-35.23904502
25.9,1441483.239,6143537.75,938895.9368,264.7606897,-84.0916527,-35.31110618
26,1441509.734,6143529.307,938892.3985,264.945706,-84.42861357,-35.38371781
26.1,1441536.248,6143520.831,938888.8528,265.1462339,-84.76137773,-35.45682616
26.2,1441562.785,6143512.322,938885.2998,265.3620421,-85.08974094,-35.53037787
26.3,1441589.344,6143503.78,938881.7393,265.5928897,-85.41350543,-35.60431989
26.4,1441615.928,6143495.207,938878.1715,265.838526,-85.73248008,-35.6785996
26.5,1441642.538,6143486.603,938874.5961,266.0986911,-86.04648042,-35.75316477
26.6,1441669.175,6143477.967,938871.0133,266.3731162,-86.35532871,-35.82796361
26.7,1441695.841,6143469.301,938867.4231,266.6615231,-86.65885402,-35.90294482
26.8,1441722.538,6143460.605,938863.8252,266.9636255,-86.95689222,-35.97805758
26.9,1441749.265,6143451.881,938860.2199,267.2791281,-87.24928605,-36.05325158
27,1441776.026,6143443.127,938856.6071,267.6077278,-87.53588508,-36.12847707
27.1,1441802.821,6143434.345,938852.9867,267.9491135,-87.81654577,-36.20368484
27.2,1441829.651,6143425.536,938849.3588,268.3029662,-88.09113144,-36.27882626
27.3,1441856.518,6143416.7,938845.7234,268.6689597,-88.35951227,-36.3538533
27.4,1441883.423,6143407.838,938842.0806,269.0467605,-88.62156525,-36.42871854
27.5,1441910.367,6143398.95,938838.4302,269.4360284,-88.87717418,-36.50337521
27.6,1441937.35,6143390.038,938834.7725,269.8364165,-89.12622961,-36.57777716
27.7,1441964.375,6143381.101,938831.1073,270.2475716,-89.3686288,-36.65187891
27.8,1441991.442,6143372.14,938827.4347,270.6691345,-89.60427566,-36.72563567
27.9,1442018.552,6143363.157,938823.7548,271.1007404,-89.83308071,-36.79900331
28,1442045.706,6143354.152,938820.0676,271.5420191,-90.05496098,-36.87193844
28.1,1442072.905,6143345.125,938816.3732,271.9925951,-90.26983998,-36.94439835
28.2,1442100.151,6143336.077,938812.6715,272.4520884,-90.47764758,-37.01634106
28.3,1442127.443,6143327.009,938808.9628,272.9201145,-90.67831994,-37.08772533
28.4,1442154.782,6143317.922,938805.2469,273.3962846,-90.87179944,-37.15851067
28.5,1442182.17,6143308.816,938801.524,273.8802063,-91.05803458,-37.22865733
28.6,1442209.607,6143299.692,938797.7942,274.3714835,-91.23697985,-37.29812633
28.7,1442237.094,6143290.552,938794.0575,274.8697171,-91.40859571,-37.36687947
28.8,1442264.632,6143281.394,938790.3141,275.374505,-91.57284841,-37.43487932
28.9,1442292.22,6143272.221,938786.5638,275.8854429,-91.72970994,-37.50208923
29,1442319.861,6143263.033,938782.807,276.402124,-91.8791579,-37.56847338
29.1,1442347.553,6143253.831,938779.0436,276.9241398,-92.02117541,-37.63399672
29.2,1442375.298,6143244.616,938775.2737,277.4510803,-92.15575096,-37.69862504
29.3,1442403.096,6143235.387,938771.4975,277.9825343,-92.28287839,-37.76232492
29.4,1442430.948,6143226.147,938767.715,278.5180898,-92.40255669,-37.82506379
29.5,1442458.854,6143216.896,938763.9263,279.0573342,-92.51478993,-37.88680991
29.6,1442486.814,6143207.634,938760.1316,279.5998549,-92.61958716,-37.94753239
29.7,1442514.828,6143198.362,938756.3308,280.1452392,-92.71696229,-38.00720117
29.8,1442542.898,6143189.081,938752.5243,280.6930751,-92.80693397,-38.06578706
29.9,1442571.022,6143179.792,938748.7119,281.2429513,-92.8895255,-38.12326174
30,1442599.202,6143170.496,938744.894,281.7944577,-92.96476472,-38.17959774
30.1,1442627.436,6143161.193,938741.0705,282.3471857,-93.03268388,-38.2347685
30.2,1442655.726,6143151.883,938737.2416,282.9007284,-93.09331957,-38.28874832
30.3,1442684.072,6143142.569,938733.4075,283.4546811,-93.14671259,-38.3415124
30.4,1442712.473,6143133.249,938729.5682,284.0086415,-93.19290787,-38.39303685
30.5,1442740.929,6143123.926,938725.7238,284.5622102,-93.23195432,-38.44329867
30.6,1442769.44,6143114.6,938721.8746,285.1149905,-93.26390479,-38.4922758
30.7,1442798.007,6143105.271,938718.0206,285.6665895,-93.28881594,-38.53994708
30.8,1442826.629,6143095.94,938714.162,286.2166176,-93.30674814,-38.58629229
30.9,1442855.305,6143086.608,938710.2989,286.7646896,-93.31776536,-38.63129214
31,1442884.036,6143077.276,938706.4314,287.3104243,-93.32193513,-38.6749283
31.1,1442912.822,6143067.944,938702.5596,287.8534451,-93.31932838,-38.71718338
31.2,1442941.661,6143058.613,938698.6838,288.3933803,-93.31001939,-38.75804094
31.3,1442970.554,6143049.284,938694.8041,288.9298633,-93.29408569,-38.79748551
31.4,1442999.5,6143039.957,938690.9205,289.4625331,-93.27160796,-38.83550261
31.5,1443028.499,6143030.632,938687.0333,289.9910343,-93.24266996,-38.87207871
31.6,1443057.551,6143021.312,938683.1426,290.5150173,-93.20735843,-38.90720127
31.7,1443086.654,6143011.995,938679.2485,291.034139,-93.16576301,-38.94085875
31.8,1443115.809,6143002.683,938675.3512,291.5480625,-93.11797615,-38.9730406
31.9,1443145.015,6142993.377,938671.4509,292.0564579,-93.06409305,-39.00373726
32,1443174.27,6142984.076,938667.5476,292.5590021,-93.00421154,-39.03294019
32.1,1443203.576,6142974.783,938663.6415,293.0553793,-92.93843203,-39.06064185
32.2,1443232.931,6142965.496,938659.7328,293.5452809,-92.86685744,-39.08683572
32.3,1443262.333,6142956.217,938655.8217,294.0284062,-92.78959307,-39.11151627
32.4,1443291.784,6142946.946,938651.9082,294.5044623,-92.70674657,-39.13467904
32.5,1443321.281,6142937.684,938647.9926,294.9731643,-92.61842785,-39.15632055
32.6,1443350.825,6142928.432,938644.0749,295.4342355,-92.52474901,-39.17643835
32.7,1443380.413,6142919.189,938640.1554,295.8874076,-92.42582423,-39.19503104
32.8,1443410.047,6142909.957,938636.2342,296.3324212,-92.32176974,-39.21209821
32.9,1443439.723,6142900.736,938632.3114,296.7690252,-92.21270371,-39.22764052
33,1443469.443,6142891.526,938628.3873,297.1969779,-92.09874621,-39.24165961
33.1,1443499.205,6142882.328,938624.4619,297.6160464,-91.98001909,-39.25415819
33.2,1443529.007,6142873.142,938620.5353,298.0260072,-91.85664594,-39.26513995
33.3,1443558.85,6142863.97,938616.6079,298.4266458,-91.72875201,-39.27460963
33.4,1443588.732,6142854.81,938612.6796,298.8177576,-91.59646413,-39.28257298
33.5,1443618.652,6142845.664,938608.7507,299.1991472,-91.45991063,-39.28903676
33.6,1443648.609,6142836.532,938604.8213,299.5706293,-91.31922128,-39.29400874
33.7,1443678.602,6142827.415,938600.8916,299.9320279,-91.1745272,-39.29749768
33.8,1443708.63,6142818.312,938596.9616,300.2831773,-91.0259608,-39.29951336
33.9,1443738.693,6142809.225,938593.0316,300.6238073,-90.87443239,-39.3001914
34,1443768.788,6142800.152,938589.1016,300.9536197,-90.72142016,-39.29976305
34.1,1443798.915,6142791.096,938585.1718,301.2726173,-90.56697168,-39.29823671
34.2,1443829.073,6142782.055,938581.2422,301.5808064,-90.41113474,-39.29562113
34.3,1443859.261,6142773.029,938577.313,301.8781972,-90.25395727,-39.29192536
34.4,1443889.478,6142764.02,938573.3843,302.1648037,-90.0954874,-39.28715881
34.5,1443919.722,6142755.026,938569.4562,302.4406436,-89.9357734,-39.28133116
34.6,1443949.992,6142746.049,938565.5288,302.7057382,-89.77486367,-39.27445245
34.7,1443980.288,6142737.087,938561.6021,302.9601124,-89.61280677,-39.266533
34.8,1444010.609,6142728.142,938557.6763,303.2037949,-89.44965137,-39.25758345
34.9,1444040.952,6142719.214,938553.7516,303.4368178,-89.28544624,-39.24761472
35,1444071.318,6142710.302,938549.8279,303.6592167,-89.12024028,-39.23663806
35.1,1444101.705,6142701.406,938545.9054,303.8710309,-88.95408245,-39.22466498
35.2,1444132.113,6142692.528,938541.9843,304.0723029,-88.78702179,-39.21170727
35.3,1444162.539,6142683.666,938538.0645,304.2630787,-88.61910741,-39.19777701
35.4,1444192.983,6142674.821,938534.1462,304.4434076,-88.45038847,-39.18288655
35.5,1444223.445,6142665.993,938530.2295,304.6133421,-88.28091414,-39.1670485
35.6,1444253.922,6142657.182,938526.3145,304.7729382,-88.11073365,-39.15027573
35.7,1444284.414,6142648.388,938522.4012,304.9222548,-87.93989622,-39.13258137
35.8,1444314.92,6142639.611,938518.4898,305.0613542,-87.76845106,-39.11397879
35.9,1444345.439,6142630.851,938514.5804,305.1903014,-87.59644737,-39.09448158
36,1444375.97,6142622.109,938510.673,305.3091649,-87.42393431,-39.0741036
36.1,1444406.512,6142613.384,938506.7677,305.4180157,-87.25096101,-39.0528589
36.2,1444437.064,6142604.676,938502.8646,305.5169281,-87.07757651,-39.03076176
36.3,1444467.624,6142595.985,938498.9638,305.6059789,-86.9038298,-39.00782668
36.4,1444498.193,6142587.312,938495.0654,305.6852479,-86.72976976,-38.98406835
36.5,1444528.768,6142578.657,938491.1695,305.7548175,-86.55544518,-38.95950165
36.6,1444559.35,6142570.019,938487.276,305.8147729,-86.3809047,-38.93414167
36.7,1444589.936,6142561.398,938483.3852,305.8652017,-86.20619685,-38.90800366
36.8,1444620.527,6142552.795,938479.4971,305.906194,-86.03136999,-38.88110305
36.9,1444651.121,6142544.209,938475.6118,305.9378427,-85.85647234,-38.85345543
37,1444681.717,6142535.641,938471.7293,305.9602426,-85.6815519,-38.82507655
37.1,1444712.314,6142527.091,938467.8497,305.9734912,-85.5066565,-38.79598229
37.2,1444742.912,6142518.557,938463.9731,305.977688,-85.33183373,-38.76618871
37.3,1444773.509,6142510.042,938460.0995,305.9729348,-85.15713098,-38.73571196
37.4,1444804.105,6142501.543,938456.229,305.9593355,-84.98259536,-38.70456833
37.5,1444834.699,6142493.063,938452.3618,305.9369959,-84.80827375,-38.67277422
37.6,1444865.289,6142484.599,938448.4977,305.9060239,-84.63421273,-38.64034615
37.7,1444895.876,6142476.153,938444.637,305.8665292,-84.4604586,-38.60730071
37.8,1444926.458,6142467.724,938440.7796,305.8186234,-84.28705735,-38.57365461
37.9,1444957.034,6142459.313,938436.9257,305.7624197,-84.11405464,-38.53942463
38,1444987.604,6142450.919,938433.0752,305.698033,-83.94149579,-38.50462759
38.1,1445018.167,6142442.542,938429.2283,305.6255799,-83.76942576,-38.46928043
38.2,1445048.721,6142434.182,938425.385,305.5451783,-83.59788916,-38.43340009
38.3,1445079.267,6142425.839,938421.5453,305.4569477,-83.42693019,-38.39700359
38.4,1445109.803,6142417.514,938417.7092,305.3610087,-83.25659265,-38.36010798
38.5,1445140.329,6142409.205,938413.877,305.2574835,-83.08691994,-38.32273032
38.6,1445170.843,6142400.913,938410.0485,305.1464953,-82.91795501,-38.28488772
38.7,1445201.346,6142392.638,938406.2238,305.0281685,-82.74974037,-38.24659727
38.8,1445231.836,6142384.38,938402.403,304.9026283,-82.58231807,-38.20787608
38.9,1445262.313,6142376.139,938398.5862,304.7700011,-82.41572966,-38.16874124
39,1445292.776,6142367.914,938394.7732,304.6304142,-82.25001623,-38.12920984
39.1,1445323.225,6142359.705,938390.9643,304.4839955,-82.08521833,-38.08929893
39.2,1445353.658,6142351.513,938387.1594,304.3308737,-81.92137603,-38.04902553
39.3,1445384.075,6142343.337,938383.3586,304.1711782,-81.75852882,-38.00840663
39.4,1445414.475,6142335.177,938379.5618,304.0050388,-81.59671567,-37.96745915
39.5,1445444.859,6142327.034,938375.7692,303.8325861,-81.43597498,-37.92619996
39.6,1445475.224,6142318.906,938371.9807,303.6539506,-81.27634456,-37.88464586
39.7,1445505.571,6142310.794,938368.1965,303.4692635,-81.11786163,-37.84281358
39.8,1445535.899,6142302.698,938364.4164,303.2784419,-80.96174592,-37.80090676
39.9,1445566.207,6142294.617,938360.6405,303.0815764,-80.80867163,-37.7590487
40,1445596.495,6142286.551,938356.8687,302.8789047,-80.65871853,-37.71727184
40.1,1445626.762,6142278.5,938353.1012,302.6706656,-80.51196335,-37.67560819
40.2,1445657.008,6142270.463,938349.3378,302.4570991,-80.36847972,-37.63408929
40.3,1445687.232,6142262.441,938345.5785,302.2384457,-80.22833816,-37.59274621
40.4,1445717.433,6142254.431,938341.8233,302.0149462,-80.09160601,-37.55160952
40.5,1445747.612,6142246.436,938338.0723,301.786842,-79.95834741,-37.51070922
40.6,1445777.767,6142238.453,938334.3253,301.5543741,-79.82862325,-37.47007476
40.7,1445807.899,6142230.482,938330.5823,301.3177833,-79.70249116,-37.42973502
40.8,1445838.007,6142222.524,938326.8433,301.0773098,-79.58000547,-37.38971825
40.9,1445868.09,6142214.578,938323.1083,300.8331928,-79.46121721,-37.35005205
41,1445898.149,6142206.644,938319.3772,300.5856708,-79.34617404,-37.31076339
41.1,1445928.182,6142198.72,938315.65,300.3349806,-79.23492029,-37.27187852
41.2,1445958.19,6142190.807,938311.9267,300.0813576,-79.12749689,-37.23342303
41.3,1445988.173,6142182.905,938308.2072,299.8250354,-79.02394142,-37.19542174
41.4,1446018.129,6142175.013,938304.4914,299.5662455,-78.92428804,-37.15789875
41.5,1446048.06,6142167.13,938300.7793,299.3052171,-78.82856753,-37.1208774
41.6,1446077.964,6142159.256,938297.0708,299.042177,-78.73680728,-37.08438023
41.7,1446107.842,6142151.391,938293.366,298.7773491,-78.64903128,-37.04842899
41.8,1446137.693,6142143.535,938289.6647,298.5109543,-78.56526014,-37.0130446
41.9,1446167.517,6142135.686,938285.9669,298.2432106,-78.48551109,-36.97824718
42,1446197.315,6142127.845,938282.2725,297.9743322,-78.409798,-36.94405595
42.1,1446227.085,6142120.011,938278.5814,297.7045298,-78.3381314,-36.91048931
42.2,1446256.829,6142112.184,938274.8937,297.4340105,-78.27051849,-36.87756478
42.3,1446286.545,6142104.364,938271.2091,297.1629769,-78.20696317,-36.84529897
42.4,1446316.234,6142096.549,938267.5278,296.8917034,-78.14748617,-36.81371702
42.5,1446345.896,6142088.74,938263.8495,296.6203991,-78.09208768,-36.78283541
42.6,1446375.531,6142080.936,938260.1742,296.3492549,-78.04076096,-36.752668
42.7,1446405.139,6142073.136,938256.5019,296.0784511,-77.99349456,-36.72322701
42.8,1446434.72,6142065.341,938252.8324,295.8081688,-77.9502755,-36.6945244
42.9,1446464.273,6142057.55,938249.1658,295.5385814,-77.91108718,-36.66657098
43,1446493.8,6142049.762,938245.5018,295.269855,-77.87590951,-36.63937636
43.1,1446523.301,6142041.978,938241.8405,295.0021522,-77.84471993,-36.61294941
43.2,1446552.774,6142034.196,938238.1818,294.7356292,-77.81749301,-36.58729804
43.3,1446582.221,6142026.417,938234.5256,294.4704363,-77.79420045,-36.56242921
43.4,1446611.642,6142018.639,938230.8717,294.2067157,-77.77481067,-36.53834865
43.5,1446641.036,6142010.863,938227.2202,293.9446049,-77.75928993,-36.51506136
43.6,1446670.405,6142003.089,938223.571,293.684235,-77.74760182,-36.49257138
43.7,1446699.747,6141995.315,938219.9239,293.42573,-77.73970737,-36.47088173
43.8,1446729.064,6141987.541,938216.2789,293.1692051,-77.73556463,-36.44999427
43.9,1446758.356,6141979.768,938212.6359,292.9147724,-77.73513025,-36.42991032
44,1446787.622,6141971.994,938208.9948,292.6625326,-77.73835753,-36.41062977
44.1,1446816.863,6141964.219,938205.3556,292.412581,-77.74519806,-36.39215176
44.2,1446846.08,6141956.444,938201.7182,292.1650033,-77.75560078,-36.37447424
44.3,1446875.272,6141948.667,938198.0824,291.9198794,-77.76951309,-36.35759443
44.4,1446904.44,6141940.888,938194.4483,291.6772812,-77.78688042,-36.34150858
44.5,1446933.583,6141933.107,938190.8156,291.4372725,-77.80764635,-36.32621198
44.6,1446962.703,6141925.324,938187.1845,291.1999088,-77.83175267,-36.31169897
44.7,1446991.8,6141917.538,938183.5547,290.9652373,-77.8591395,-36.29796294
44.8,1447020.873,6141909.749,938179.9262,290.7332947,-77.88974493,-36.28499612
44.9,1447049.924,6141901.957,938176.2989,290.5041092,-77.92350561,-36.2727898
45,1447078.951,6141894.161,938172.6728,290.2777037,-77.96035785,-36.26133481
45.1,1447107.957,6141886.361,938169.0477,290.0540902,-78.00023621,-36.25062081
45.2,1447136.94,6141878.556,938165.4236,289.8332698,-78.04307366,-36.24063636
45.3,1447165.902,6141870.748,938161.8005,289.6152364,-78.08880265,-36.23136931
45.4,1447194.842,6141862.934,938158.1782,289.3999723,-78.13735427,-36.22280642
45.5,1447223.76,6141855.115,938154.5567,289.1874542,-78.18865985,-36.21493401
45.6,1447252.658,6141847.291,938150.9359,288.9776453,-78.24264906,-36.20773707
45.7,1447281.535,6141839.461,938147.3158,288.7705007,-78.29925157,-36.20119996
45.8,1447310.392,6141831.625,938143.6963,288.5659659,-78.35839664,-36.19530619
45.9,1447339.228,6141823.783,938140.0773,288.3639742,-78.42001277,-36.1900382
46,1447368.045,6141815.935,938136.4588,288.1644505,-78.48402882,-36.18537784
46.1,1447396.841,6141808.08,938132.8406,287.9673094,-78.55037365,-36.18130611
46.2,1447425.619,6141800.218,938129.2228,287.7724549,-78.61897619,-36.17780323
46.3,1447454.376,6141792.349,938125.6054,287.5797787,-78.68976515,-36.1748484
46.4,1447483.115,6141784.472,938121.9881,287.3891634,-78.76267011,-36.17242025
46.5,1447511.835,6141776.589,938118.3711,287.2004806,-78.83762115,-36.17049664
46.6,1447540.537,6141768.697,938114.7542,287.013591,-78.91454899,-36.16905467
46.7,1447569.22,6141760.798,938111.1374,286.8283422,-78.99338463,-36.16807046
46.8,1447597.884,6141752.89,938107.5206,286.6445722,-79.07406047,-36.16751964
46.9,1447626.53,6141744.975,938103.9039,286.4621075,-79.15650995,-36.16737708
47,1447655.158,6141737.051,938100.2871,286.2807629,-79.24066772,-36.16761696
47.1,1447683.768,6141729.118,938096.6703,286.1003415,-79.32646968,-36.16821276
47.2,1447712.36,6141721.177,938093.0534,285.9206307,-79.41385223,-36.16913679
47.3,1447740.935,6141713.226,938089.4363,285.7414413,-79.50276331,-36.1703652
47.4,1447769.491,6141705.267,938085.8191,285.5627474,-79.59320125,-36.17189567
47.5,1447798.029,6141697.299,938082.2018,285.3843046,-79.68510563,-36.17369857
47.6,1447826.55,6141689.321,938078.5842,285.2058523,-79.77841702,-36.17574316
47.7,1447855.053,6141681.333,938074.9664,285.0271131,-79.87307717,-36.17799761
47.8,1447883.537,6141673.337,938071.3484,284.8477983,-79.96903069,-36.18042964
47.9,1447912.004,6141665.33,938067.7301,284.6676073,-80.0662252,-36.1830066
48,1447940.453,6141657.313,938064.1115,284.4862276,-80.16461143,-36.18569541
48.1,1447968.883,6141649.287,938060.4926,284.3033326,-80.26414285,-36.1884624
48.2,1447997.295,6141641.251,938056.8735,284.1185747,-80.36477382,-36.19127234
48.3,1448025.688,6141633.204,938053.2541,283.9315971,-80.46646334,-36.19409012
48.4,1448054.062,6141625.147,938049.6344,283.7420265,-80.56917314,-36.19687979
48.5,1448082.417,6141617.08,938046.0144,283.5494798,-80.67286985,-36.19960546
48.6,1448110.753,6141609.002,938042.3942,283.3535554,-80.77752257,-36.20223024
48.7,1448139.068,6141600.914,938038.7738,283.1538306,-80.88310262,-36.20471593
48.8,1448167.363,6141592.815,938035.1531,282.9498722,-80.98958674,-36.20702446
48.9,1448195.637,6141584.705,938031.5321,282.7412306,-81.09695569,-36.20911716
49,1448223.89,6141576.584,938027.911,282.5274415,-81.20519496,-36.21095502
49.1,1448252.121,6141568.453,938024.2898,282.3080236,-81.31429436,-36.21249842
49.2,1448280.329,6141560.311,938020.6684,282.0824693,-81.42424574,-36.21370605
49.3,1448308.514,6141552.157,938017.047,281.8502619,-81.53504829,-36.21453713
49.4,1448336.675,6141543.992,938013.4255,281.610863,-81.64670512,-36.21494985
49.5,1448364.811,6141535.817,938009.804,281.3637188,-81.7592255,-36.21490227
49.6,1448392.922,6141527.629,938006.1826,281.1082562,-81.87262404,-36.21435183
49.7,1448421.007,6141519.431,938002.5612,280.8438752,-81.98691883,-36.21325446
49.8,1448449.064,6141511.22,937998.9401,280.569959,-82.10213487,-36.21156596
49.9,1448477.092,6141502.999,937995.3191,280.285873,-82.2183042,-36.20924195
50,1448505.091,6141494.765,937991.6985,279.9909594,-82.33546463,-36.20623721
50.1,1448533.06,6141486.52,937988.0783,279.6845395,-82.453661,-36.2025061
50.2,1448560.996,6141478.262,937984.4585,279.365905,-82.57294292,-36.19800145
50.3,1448588.9,6141469.993,937980.8392,279.0343267,-82.6933682,-36.1926759
50.4,1448616.769,6141461.711,937977.2206,278.6890548,-82.81500313,-36.18648188
50.5,1448644.602,6141453.418,937973.6026,278.3293119,-82.93792123,-36.17937094
50.6,1448672.397,6141445.111,937969.9855,277.9542963,-83.06220464,-36.17129418
50.7,1448700.153,6141436.793,937966.3693,277.5631722,-83.18794195,-36.16220113
50.8,1448727.869,6141428.461,937962.7541,277.1550808,-83.31523224,-36.15204134
50.9,1448755.542,6141420.117,937959.14,276.7291327,-83.44418346,-36.14076344
51,1448783.17,6141411.759,937955.5272,276.2844115,-83.57491441,-36.12831587
51.1,1448810.752,6141403.388,937951.9157,275.8199701,-83.70755419,-36.11464636
51.2,1448838.286,6141395.004,937948.3057,275.3348223,-83.8422407,-36.09970113
51.3,1448865.769,6141386.606,937944.6974,274.8279537,-83.97912494,-36.08342643
51.4,1448893.198,6141378.194,937941.0908,274.2983139,-84.11836946,-36.06576766
51.5,1448920.573,6141369.768,937937.4861,273.7448207,-84.26015072,-36.0466701
51.6,1448947.889,6141361.328,937933.8835,273.1663547,-84.40465866,-36.02607847
51.7,1448975.146,6141352.873,937930.2831,272.5617525,-84.55209551,-36.00393612
51.8,1449002.339,6141344.403,937926.6851,271.9298169,-84.70268038,-35.98018664
51.9,1449029.466,6141335.917,937923.0896,271.2693086,-84.85664807,-35.95477304
52,1449056.523,6141327.415,937919.4969,270.5789509,-85.01425168,-35.92763853
52.1,1449083.509,6141318.898,937915.907,269.8574229,-85.17576214,-35.89872591
52.2,1449110.42,6141310.364,937912.3202,269.1033574,-85.341469,-35.86797756
52.3,1449137.251,6141301.813,937908.7367,268.3153462,-85.51168382,-35.83533641
52.4,1449164,6141293.244,937905.1566,267.4919328,-85.68673955,-35.80074531
52.5,1449190.663,6141284.657,937901.5802,266.6316215,-85.86699526,-35.76414847
52.6,1449217.236,6141276.043,937898.0062,265.7215891,-86.14023198,-35.73966299
52.7,1449243.712,6141267.393,937894.4335,264.761952,-86.50628559,-35.72726973
52.8,1449270.087,6141258.696,937890.8608,263.7525409,-86.96501167,-35.7269305
52.9,1449296.356,6141249.944,937887.2869,262.6929221,-87.51629177,-35.73859077
53,1449322.515,6141241.128,937883.7107,261.5824289,-88.16004331,-35.76218388
53.1,1449348.557,6141232.239,937880.131,260.4201829,-88.89622701,-35.797634
53.2,1449374.477,6141223.266,937876.5465,259.205118,-89.72485524,-35.8448594
53.3,1449400.271,6141214.202,937872.9561,257.9360261,-90.64600792,-35.90377886
53.4,1449425.933,6141205.043,937869.3599,256.619419,-91.58308554,-35.96170564
53.5,1449451.458,6141195.793,937865.7586,255.2554632,-92.50396707,-36.0131181
53.6,1449476.842,6141186.452,937862.1528,253.8405746,-93.40847602,-36.05770393
53.7,1449502.079,6141177.022,937858.5433,252.3712037,-94.29646574,-36.09515876
53.8,1449527.164,6141167.506,937854.9308,250.8438592,-95.16782698,-36.12518917
53.9,1449552.089,6141157.903,937851.3161,249.2551188,-96.0224908,-36.14751417
54,1449576.849,6141148.217,937847.6999,247.6016457,-96.86043346,-36.16186724
54.1,1449601.437,6141138.449,937844.0831,245.8802075,-97.68168195,-36.16799883
54.2,1449625.846,6141128.6,937840.4664,244.087397,-98.49106448,-36.16647294
54.3,1449650.068,6141118.67,937836.8506,242.2197847,-99.29810019,-36.15866011
54.4,1449674.096,6141108.66,937833.2361,240.2747008,-100.1037201,-36.1445108
54.5,1449697.921,6141098.569,937829.6237,238.249643,-100.9089642,-36.12400743
54.6,1449721.535,6141088.398,937826.014,236.1422959,-101.7149862,-36.0971667
54.7,1449744.93,6141078.145,937822.4076,233.950549,-102.5230568,-36.06404161
54.8,1449768.097,6141067.812,937818.8051,231.6725314,-103.3345732,-36.02472573
54.9,1449791.028,6141057.397,937815.2072,229.3066586,-104.1510617,-35.97935751
55,1449813.713,6141046.899,937811.6143,226.8533048,-104.9741894,-35.9282536
55.1,1449836.144,6141036.319,937808.0272,224.3128469,-105.8057222,-35.87174792
55.2,1449858.313,6141025.654,937804.4461,221.6856621,-106.6475311,-35.81019252
55.3,1449880.21,6141014.904,937800.8718,218.9721388,-107.5016037,-35.74396048
55.4,1449901.827,6141004.067,937797.3044,216.172679,-108.3700536,-35.67344754
55.5,1449923.156,6140993.141,937793.7445,213.2877021,-109.2551293,-35.59907415
55.6,1449944.188,6140982.125,937790.1924,210.3176488,-110.159225,-35.52128751
55.7,1449964.914,6140971.017,937786.6483,207.2629831,-111.0848891,-35.44056322
55.8,1449985.327,6140959.813,937783.1126,204.1242066,-112.0348402,-35.35740917
55.9,1450005.417,6140948.512,937779.5853,200.9018621,-113.0119773,-35.27236756
56,1450025.177,6140937.11,937776.0667,197.5965461,-114.0193944,-35.18601845
56.1,1450044.597,6140925.604,937772.5568,194.2089171,-115.0603933,-35.09898254
56.2,1450063.671,6140913.99,937769.0556,190.7397044,-116.1384948,-35.01192388
56.3,1450082.39,6140902.265,937765.5631,187.1897291,-117.2574572,-34.92555457
56.4,1450100.747,6140890.423,937762.079,183.5682355,-118.4202143,-34.84110719
56.5,1450118.736,6140878.46,937758.603,179.8915933,-119.6285563,-34.76017753
56.6,1450136.353,6140866.371,937755.1346,176.1661583,-120.8853093,-34.68375236
56.7,1450153.593,6140854.152,937751.6733,172.3958209,-122.1936429,-34.61268382
56.8,1450170.452,6140841.796,937748.2185,168.5940235,-123.5549957,-34.54827691
56.9,1450186.929,6140829.299,937744.7693,164.7718013,-124.9707498,-34.49163761
57,1450203.023,6140816.655,937741.3249,160.9399309,-126.4418757,-34.44378066
57.1,1450218.734,6140803.858,937737.8844,157.1094176,-127.9687674,-34.40563941
57.2,1450234.063,6140790.903,937734.4466,153.2914988,-129.551153,-34.37805074
57.3,1450249.013,6140777.784,937731.0104,149.4975339,-131.1880322,-34.36173562
57.4,1450263.587,6140764.497,937727.5747,145.7388424,-132.8776362,-34.35727946
57.5,1450277.79,6140751.035,937724.1382,142.0266491,-134.6178546,-34.36520136
57.6,1450291.627,6140737.394,937720.6996,138.3716917,-136.405574,-34.38580927
57.7,1450305.105,6140723.57,937717.2577,134.7839883,-138.2366943,-34.41918458
57.8,1450318.232,6140709.56,937713.8111,131.2727331,-140.1064731,-34.46523313
57.9,1450331.017,6140695.359,937710.3588,127.8461407,-142.0096263,-34.52369049
58,1450343.468,6140680.965,937706.8994,124.5113454,-143.9404426,-34.59413354
58.1,1450355.596,6140666.376,937703.4318,121.2743986,-145.8928818,-34.67599745
58.2,1450367.41,6140651.589,937699.9549,118.1405603,-147.860546,-34.76859343
58.3,1450378.921,6140636.606,937696.4678,115.1168674,-149.8355093,-34.87110916
58.4,1450390.141,6140621.425,937692.9695,112.2008734,-151.8139357,-34.98269128
58.5,1450401.081,6140606.045,937689.4593,109.3913419,-153.7913942,-35.10247905
58.6,1450411.749,6140590.469,937685.9363,106.6868946,-155.7635077,-35.22960986
58.7,1450422.158,6140574.696,937682.4,104.0854879,-157.7262922,-35.36323649
58.8,1450432.316,6140558.73,937678.8499,101.5796841,-159.66857,-35.50084804
58.9,1450442.229,6140542.577,937675.2871,99.1279141,-161.5274262,-35.62833459
59,1450451.902,6140526.246,937671.7124,96.73039085,-163.3073544,-35.74648715
59.1,1450461.34,6140509.745,937668.1268,94.38710332,-165.0126528,-35.85604549
59.2,1450470.551,6140493.079,937664.5307,92.10744746,-166.6610872,-35.96080976
59.3,1450479.542,6140476.25,937660.9239,89.9112975,-168.2846292,-36.06785188
59.4,1450488.322,6140459.262,937657.3063,87.79406227,-169.8823215,-36.17664588
59.5,1450496.897,6140442.117,937653.6776,85.75112664,-171.45361,-36.28673331
59.6,1450505.274,6140424.817,937650.0378,83.77791082,-172.9982927,-36.39771924
59.7,1450513.461,6140407.365,937646.3869,81.86991958,-174.5164742,-36.50926813
59.8,1450521.464,6140389.764,937642.7248,80.02278082,-176.0085219,-36.62109948
59.9,1450529.287,6140372.017,937639.0515,78.23227361,-177.4750251,-36.73298287
60,1450536.936,6140354.125,937635.367,76.49434737,-178.916755,-36.84473268
60.1,1450544.417,6140336.092,937631.6714,74.80513591,-180.3346338,-36.95620374
60.2,1450551.733,6140317.919,937627.9647,73.16096263,-181.7296996,-37.0672858
60.3,1450558.889,6140299.608,937624.2469,71.5583458,-183.1030861,-37.17790039
60.4,1450565.888,6140281.163,937620.5181,69.99399638,-184.4559972,-37.2879963
60.5,1450572.735,6140262.584,937616.7783,68.46481547,-185.7896903,-37.3975465
60.6,1450579.432,6140243.873,937613.0277,66.9678875,-187.1054576,-37.50654432
60.7,1450585.982,6140225.033,937609.2662,65.50047362,-188.404613,-37.61500083
60.8,1450592.388,6140206.064,937605.4939,64.06034721,-189.6888193,-37.72302739
60.9,1450598.652,6140186.968,937601.7108,62.64510977,-190.9594547,-37.83067287
61,1450604.777,6140167.746,937597.917,61.25248504,-192.2178722,-37.93799141
61.1,1450610.765,6140148.4,937594.1125,59.88033845,-193.4654186,-38.04504719
61.2,1450616.618,6140128.929,937590.2973,58.52666759,-194.7034286,-38.15191273
61.3,1450622.337,6140109.336,937586.4714,57.18959432,-195.9332251,-38.25866826
61.4,1450627.924,6140089.62,937582.6349,55.86735633,-197.1561171,-38.36540077
61.5,1450633.38,6140069.783,937578.7877,54.55829866,-198.3733982,-38.47220299
61.6,1450638.706,6140049.824,937574.9298,53.26086612,-199.5863461,-38.57917279
61.7,1450643.903,6140029.745,937571.0611,51.97359575,-200.7962216,-38.68641235
61.8,1450648.973,6140009.544,937567.1817,50.69511042,-202.0042701,-38.79402798
61.9,1450653.915,6139989.223,937563.2915,49.42411263,-203.211722,-38.90212964
62,1450658.731,6139968.781,937559.3904,48.15937908,-204.4197947,-39.01083091
62.1,1450663.421,6139948.218,937555.4784,46.89975524,-205.6296924,-39.12024847
62.2,1450667.985,6139927.534,937551.5554,45.64415048,-206.8426056,-39.2305017
62.3,1450672.424,6139906.728,937547.6212,44.39153415,-208.0597132,-39.34171269
62.4,1450676.739,6139885.8,937543.6758,43.14093186,-209.2821844,-39.45400626
62.5,1450680.928,6139864.749,937539.719,41.89142099,-210.5111779,-39.56750953
62.6,1450684.992,6139843.574,937535.7508,40.64212632,-211.7478487,-39.68235266
62.7,1450688.931,6139822.275,937531.7709,39.39221067,-212.9933507,-39.79866866
62.8,1450692.745,6139800.85,937527.7793,38.1408585,-214.2488637,-39.91659668
62.9,1450696.434,6139779.298,937523.7756,36.88722956,-215.5156522,-40.03628853
63,1450699.997,6139757.619,937519.7598,35.63030235,-216.7952915,-40.1579353
63.1,1450703.434,6139735.809,937515.7316,34.36754915,-218.0915529,-40.28198806
63.2,1450706.744,6139713.869,937511.6908,33.09868758,-219.4051517,-40.40854784
63.3,1450709.926,6139691.796,937507.6371,31.82816273,-220.7299514,-40.53690684
63.4,1450712.982,6139669.59,937503.5704,30.55758391,-222.0637108,-40.66680545
63.5,1450715.911,6139647.249,937499.4906,29.28843317,-223.4042771,-40.79798925
63.6,1450718.713,6139624.774,937495.3976,28.02245629,-224.7490022,-40.93013925
63.7,1450721.389,6139602.165,937491.2913,26.76192315,-226.0943134,-41.06281834
63.8,1450723.94,6139579.421,937487.1718,25.50990703,-227.4352374,-41.19541128
63.9,1450726.367,6139556.545,937483.0391,24.2706453,-228.7647632,-41.32704322
64,1450728.672,6139533.538,937478.8934,23.0500455,-230.0729274,-41.45646198
64.1,1450730.858,6139510.403,937474.7352,21.85643068,-231.345477,-41.58186615
64.2,1450732.928,6139487.147,937470.5652,20.70166888,-232.5618226,-41.70064131
64.3,1450734.889,6139463.778,937466.3843,19.6029408,-233.6918626,-41.8089518
64.4,1450736.745,6139440.304,937462.1937,18.56111828,-234.7319479,-41.90623741
64.5,1450738.502,6139416.736,937457.9944,17.57511995,-235.6818528,-41.99237419
64.6,1450740.167,6139393.082,937453.7877,16.64394667,-236.5414266,-42.06725761
64.7,1450741.752,6139369.346,937449.5731,15.85392809,-237.35954,-42.1460977
64.7,1450743.272,6139345.533,937445.3502,15.20402194,-238.134998,-42.2286066
64.8,1450744.766,6139321.698,937441.1259,14.93766497,-238.3435559,-42.24359626
64.9,1450746.233,6139297.843,937436.9001,14.67198413,-238.5492118,-42.25813906
